1226767,Jim,Smith,6145328909,1234 Road Ln.,12/13/1986,123456789
3233825,John,Doe,6145328910,1235 Road Ln.,1/20/1970,123456790
4344747,Rebecca,Kirkland,6145328911,1236 Road Ln.,4/6/1920,123456791
5846443,Kelly,Grail,6145328912,1237 Road Ln.,5/31/1990,123456792
4664864,Xiaoxiao,Smith,6145328913,1238 Road Ln.,7/7/2010,123456793
4664832,You,Smith,6145328914,1239 Road Ln.,8/28/2011,123456794
4683764,Zening,Smith,6145328915,1240 Road Ln.,9/28/1956,123456795
4342423,Aditi,Smith,6145328916,1241 Road Ln.,2/2/1945,123456796
886964,Albert,Einstein,6145328917,1242 Road Ln.,9/3/2005,123456797
4554455,Brutus,Buckeye,6145328918,1243 Road Ln.,9/5/1989,123456798
909568,Popcorn,Yummy,6145328919,1244 Road Ln.,8/18/1999,123456799
69875785,Gary,Katz,6145328920,1245 Road Ln.,2/14/1993,123456800
4279787,Akash,Subramanian,6145328921,1246 Road Ln.,5/17/2004,123456801
854394,Mei,Lin,6145328922,1247 Road Ln.,1/12/1990,123456802
4299304,Cody,Jenning,6145328923,1248 Road Ln.,4/19/1960,123456803
2038444,Zack,Murray,6145328924,1249 Road Ln.,3/29/1963,123456804
993092,Tembly,Kingston,6145328925,1250 Road Ln.,2/28/1982,123456805
2203844,Kiara,Lauper,6145328926,1251 Road Ln.,7/7/1978,123456806
2983424,Alfred,Hitchcock,6145328927,1252 Road Ln.,3/4/2015,123456807
3908944,Joe,Jonas,6145328928,1252 Road Ln.,5/9/2006,123456808
